letter,ID,P1,P2
RMNC1,concatenate183,-140.5013275,-50.77964401
RMNC1,concatenate183,-101.2701721,-115.3082581
RMNC1,concatenate183,-142.0272064,-85.26450348
RMNC1,concatenate183,-119.0908356,-102.0009918
RMNC1,concatenate183,-128.1738281,-83.0078125
RMNC1,concatenate183,-155.8404236,-45.97714233
RMNC1,concatenate183,-138.1402283,-52.69100952
RMNC1,concatenate183,-87.29633331,-45.18207932
RMNC1,concatenate183,-106.5786285,-99.86476135
RMNC1,concatenate183,-91.48045349,-50.58690262
RMNC1,concatenate183,-64.11904144,-101.3504868
RMNC1,concatenate183,-75.32220459,-70.43939209
RMNC1,concatenate183,-135.184845,-64.38405609
RMNC1,concatenate183,-114.2562027,-86.79038239
RMNC1,concatenate183,-76.65533447,-27.21686172
RMNC1,concatenate183,-175.540329,-10.13504791
RMNC1,concatenate183,-71.84480286,-12.03035069
RMNC1,concatenate183,-147.0144196,-14.56812763
RMNC1,concatenate183,-94.7249527,-25.75522995
RMNC1,concatenate183,-72.11785889,-10.47234821
RMNC1,concatenate183,-104.8840942,-7.838199139
RMNC1,concatenate183,-97.9052124,-99.12591553
RMNC1,concatenate183,-47.62348557,-72.64789581
RMNC1,concatenate183,-103.8802261,-25.14487839
RMNC1,concatenate183,-32.05952072,-22.90424538
RMNC1,concatenate183,-82.94356537,-18.85665131
RMNC1,concatenate183,-118.7535324,-11.94200993
RMNC1,concatenate183,-54.89148712,-10.94617367
RMNC1,concatenate183,-149.9617767,-29.72251511
RMNC1,concatenate183,-105.4944458,-56.66632462
RMNC1,concatenate183,-125.3067856,-19.71596146
RMNC1,concatenate183,-107.558403,-43.47148514
RMNC1,concatenate183,-80.22910309,-64.35996246
RMNC1,concatenate183,-88.65356445,-56.9152832
RMNC1,concatenate183,-83.98758698,-13.79715729
RMNC1,concatenate183,-63.16335678,-75.37038422
RMNC1,concatenate183,-98.70027161,-51.09284973
RMNC1,concatenate183,-81.96379089,-27.03215027
RMNC1,concatenate183,-64.07888031,-17.0818119
RMNC1,concatenate183,-125.579834,-14.49584961
RMNC1,concatenate183,-136.0441437,-28.62227631
RMNC1,concatenate183,-124.4715652,-10.94617367
RMNC1,concatenate183,-84.6862793,-9.002685547
RMNC1,concatenate183,-149.5200653,-14.02202415
RMNC1,concatenate183,-90.64524078,-11.2995348
RMNC1,concatenate183,-65.79750824,-9.645160675
RMNC1,concatenate183,-114.6497192,-29.81085587
RMNC1,concatenate183,-17.65200996,-140.9430237
RMNC1,concatenate183,-162.3615417,-14.04611683
RMNC1,concatenate183,-78.39002228,-57.02771759
RMNC1,concatenate183,-93.44000244,-15.3150053
RMNC1,concatenate183,-84.7665863,-9.693346977
RMNC1,concatenate183,-80.82339478,-17.95718575
RMNC1,concatenate183,-115.9025497,-40.82930756
RMNC1,concatenate183,-99.59973907,-59.31653595
RMNC1,concatenate183,-78.80763245,-73.31446838
RMNC1,concatenate183,-73.75616455,-69.48370361
RMNC1,concatenate183,-52.77934647,-72.31060028
RMNC1,concatenate183,-84.26064301,-11.01845169
RMNC1,concatenate183,-56.51373672,-61.39654922
RMNC1,concatenate183,-126.1259384,-53.49410248
RMNC1,concatenate183,-105.9361496,-79.08068085
RMNC1,concatenate183,-98.34690857,-51.34984207
RMNC1,concatenate183,-78.34183502,-149.7529755
RMNC1,concatenate183,-125.443306,-30.22846413
RMNC1,concatenate183,-83.7225647,-77.00869751
RMNC1,concatenate183,-98.68421173,-61.45276642
RMNC1,concatenate183,-130.9846649,-79.10477448
RMNC1,concatenate183,-73.32249451,-50.12913895
RMNC1,concatenate183,-113.2443085,-61.97477722
RMNC1,concatenate183,-148.5884857,-97.31894684
RMNC1,concatenate183,-143.6092987,-62.43254089
RMNC1,concatenate183,-92.49235535,-19.86051941
RMNC1,concatenate183,-55.92747879,-54.0964241
RMNC1,concatenate183,-93.24726105,-50.52265549
RMNC1,concatenate183,-127.3546753,-26.0363121
RMNC1,concatenate183,-112.3930283,-14.73677826
RMNC1,concatenate183,-93.27135468,-15.14635563
RMNC1,concatenate183,-115.5090332,-47.1496582
RMNC1,concatenate183,-90.15534973,-19.35456848
RMNC1,concatenate183,-45.59165573,-26.06040573
RMNC1,concatenate183,-89.89836121,-93.56047058
RMNC1,concatenate183,-114.657753,-45.07767487
RMNC1,concatenate183,-92.46826172,-49.74365234
RMNC1,concatenate183,-75.45872498,-59.58958817
RMNC1,concatenate183,-84.70233917,-110.3371048
RMNC1,concatenate183,-128.5111237,-25.36171341
RMNC1,concatenate183,-79.59466553,-108.281189
RMNC1,concatenate183,-114.360611,-40.50806808
RMNC1,concatenate183,-54.78708267,-45.02145767
RMNC1,concatenate183,-82.66248322,-68.01404572
RMNC1,concatenate183,-74.86444092,-41.29510117
RMNC1,concatenate183,-104.0729752,-17.40305138
RMNC1,concatenate183,-111.324913,-49.06905365
RMNC1,concatenate183,-72.01345062,-11.5886488
RMNC1,concatenate183,-139.5054932,-36.96642303
RMNC1,concatenate183,-96.31508636,-51.75941849
RMNC1,concatenate183,-104.3620834,-44.54763412
RMNC1,concatenate183,-89.88230133,-76.45456696
RMNC1,concatenate183,-68.23088074,-16.96134949
RMNC1,concatenate183,-152.4353027,-12.05444336
RMNC1,concatenate183,-96.82102966,-29.6823597
RMNC1,concatenate183,-63.97447968,-7.822137356
RMNC1,concatenate183,-97.6160965,-10.33582211
RMNC1,concatenate183,-139.7705078,-32.95898438
RMNC1,concatenate183,-64.47239685,-10.76146221
RMNC1,concatenate183,-57.34092331,-44.5235405
RMNC1,concatenate183,-138.5016174,-16.43130684
RMNC1,concatenate183,-72.88079834,-10.01458454
RMNC1,concatenate183,-76.4465332,-70.95336914
RMNC1,concatenate183,-81.62648773,-12.04641247
RMNC1,concatenate183,-64.52058411,-19.35456848
RMNC1,concatenate183,-56.61813736,-10.84177113
RMNC1,concatenate183,-84.27670288,-22.0208416
RMNC1,concatenate183,-85.18419647,-11.33165836
RMNC1,concatenate183,-57.09196472,-8.263838768
RMNC1,concatenate183,-102.5872498,-10.42416191
RMNC1,concatenate183,-70.70440674,-80.47003174
RMNC1,concatenate183,-78.11696625,-14.03005505
RMNC1,concatenate183,-48.20170975,-12.19096947
RMNC1,concatenate183,-116.0471039,-12.28734112
RMNC1,concatenate183,-71.19429779,-8.938438416
RMNC1,concatenate183,-125.282692,-11.14694691
RMNC1,concatenate183,-85.36087799,-12.11869049
RMNC1,concatenate183,-29.11216354,-9.580913544
RMNC1,concatenate183,-98.22644806,-30.47742271
RMNC1,concatenate183,-65.38792419,-9.235583305
RMNC1,concatenate183,-48.95661926,-11.11482334
RMNC1,concatenate183,-59.64580154,-21.80400658
RMNC1,concatenate183,-125.4111862,-16.76860619
RMNC1,concatenate183,-82.63035583,-7.557116032
RMNC1,concatenate183,-79.43404388,-20.22994232
RMNC1,concatenate183,-105.0848694,-13.53213692
RMNC1,concatenate183,-114.9789886,-14.2709837
RMNC1,concatenate183,-118.3359222,-16.40721321
RMNC1,concatenate183,-12.32749557,-113.6458511
RMNC1,concatenate183,-98.34690857,-10.45628643
RMNC1,concatenate183,-80.96795654,-15.04998493
RMNC1,concatenate183,-56.63420105,-18.18205261
RMNC1,concatenate183,-88.17974091,-11.88579369
RMNC1,concatenate183,-104.4825516,-9.878058434
RMNC1,concatenate183,-72.07769775,-62.92242813
RMNC1,concatenate183,-105.1812439,-11.18710136
RMNC1,concatenate183,-48.47476196,-10.02261543
RMNC1,concatenate183,-75.0009613,-10.9140501
RMNC1,concatenate183,-20.98484993,-113.147934
RMNC1,concatenate183,-93.75321198,-10.74539948
RMNC1,concatenate183,-91.69728851,-11.13088512
RMNC1,concatenate183,-11.39590645,-75.4828186
RMNC1,concatenate183,-22.43845177,-82.86325836
RMNC1,concatenate183,-92.31567383,-20.90454102
RMNC1,concatenate183,-73.71601105,-9.01874733
RMNC1,concatenate183,-71.17823792,-19.90870476
RMNC1,concatenate183,-106.0084305,-11.40393734
RMNC1,concatenate183,-87.18389893,-7.227847576
RMNC1,concatenate183,-104.8278809,-10.83374023
RMNC1,concatenate183,-89.28800964,-19.09757996
RMNC1,concatenate183,-127.9328995,-11.9661026
RMNC1,concatenate183,-93.30348206,-13.95777607
RMNC1,concatenate183,-132.7755585,-13.75700283
RMNC1,concatenate183,-12.78525925,-23.16123581
RMNC1,concatenate183,-95.92156982,-12.3034029
RMNC1,concatenate183,-18.46313477,-19.68383789
RMNC1,concatenate183,-98.54768372,-14.31916904
RMNC1,concatenate183,-101.9367447,-10.38400745
RMNC1,concatenate183,-107.7270508,-9.460449219
RMNC1,concatenate183,-11.80548382,-71.61993408
RMNC1,concatenate183,-51.51848984,-8.793881416
RMNC1,concatenate183,-68.54409027,-8.729633331
RMNC1,concatenate183,-11.49227715,-10.27157402
RMNC1,concatenate183,-126.7844772,-11.42803001
RMNC1,concatenate183,-100.6277008,-13.95777607
RMNC1,concatenate183,-62.74574661,-9.645160675
RMNC1,concatenate183,-102.8602982,-13.13862038
RMNC1,concatenate183,-56.95543671,-13.62047672
RMNC1,concatenate183,-137.2568207,-10.30369854
RMNC1,concatenate183,-78.19728088,-12.27930927
RMNC1,concatenate183,-120.4480591,-19.12970352
RMNC1,concatenate183,-31.33673477,-11.80548382
RMNC1,concatenate183,-47.21390533,-13.03421783
RMNC1,concatenate183,-12.96193981,-133.2012024
RMNC1,concatenate183,-10.89798737,-72.54349518
RMNC1,concatenate183,-100.7883148,-11.67698956
RMNC1,concatenate183,-113.9751205,-10.82570934
RMNC1,concatenate183,-9.781686783,-130.0209503
RMNC1,concatenate183,-100.2261505,-18.43904114
RMNC1,concatenate183,-17.00953484,-85.36891174
RMNC1,concatenate183,-89.48075104,-17.45926666
RMNC1,concatenate183,-11.17103958,-117.3722153
RMNC1,concatenate183,-105.3980789,-12.62464046
RMNC1,concatenate183,-13.44379616,-12.22309303
RMNC1,concatenate183,-10.93814278,-140.3326721
RMNC1,concatenate183,-113.2603683,-13.77306461
RMNC1,concatenate183,-73.94087982,-10.46431732
RMNC1,concatenate183,-119.1309891,-11.09876156
RMNC1,concatenate183,-83.54588318,-10.9140501
RMNC1,concatenate183,-12.05444336,-19.37866211
RMNC1,concatenate183,-8.279900551,-8.890252113
RMNC1,concatenate183,-8.96253109,-10.18323421
RMNC1,concatenate183,-11.23528767,-11.84563923
RMNC1,concatenate183,-11.54849434,-10.32779121
RMNC1,concatenate183,-12.1588459,-140.9430237
RMNC1,concatenate183,-10.27157402,-16.98544121
RMNC1,concatenate183,-9.725470543,-11.55652523
RMNC1,concatenate183,-13.6445694,-98.48343658
RMNC1,concatenate183,-10.01458454,-10.6249361
RMNC1,concatenate183,-8.488705635,-12.76116657
RMNC1,concatenate183,-14.91345882,-10.03064632
RMNC1,concatenate183,-11.78942204,-11.17907047
RMNC1,concatenate183,-14.06217861,-11.0104208
RMNC1,concatenate183,-11.22725677,-13.66866302
RMNC1,concatenate183,-14.82511806,-11.16300869
RMNC1,concatenate183,-13.06634235,-15.5077486
RMNC1,concatenate183,-12.51220703,-10.68115234
RMNC1,concatenate183,-10.22338867,-9.002685547
RMNC1,concatenate183,-10.4803791,-108.1366272
RMNC1,concatenate183,-8.625231743,-10.45628643
RMNC1,concatenate183,-10.31976032,-5.436947346
RMNC1,concatenate183,-133.0245209,-10.95420456
RMNC1,concatenate183,-10.45628643,-10.45628643
RMNC1,concatenate183,-12.18293858,-85.42512512
RMNC1,concatenate183,-10.74539948,-13.79715729
RMNC1,concatenate183,-13.70881748,-6.994950294
RMNC1,concatenate183,-20.97681999,-11.21119404
RMNC1,concatenate183,-10.49644089,-12.32749557
RMNC1,concatenate183,-124.4474716,-11.53243256
RMNC1,concatenate183,-12.0142889,-125.5396805
RMNC1,concatenate183,-12.99406338,-72.80851746
RMNC1,concatenate183,-88.34838867,-9.002685547
RMNC1,concatenate183,-12.63267136,-13.85337448
RMNC1,concatenate183,-9.918212891,-9.307861328
RMNC1,concatenate183,-10.07883167,-10.68918324
RMNC1,concatenate183,-13.75700283,-10.70524502
RMNC1,concatenate183,-15.68442917,-149.3514252
RMNC1,concatenate183,-11.23528767,-10.01458454
RMNC1,concatenate183,-118.343956,-9.701377869
RMNC1,concatenate183,-15.13029385,-103.6312714
RMNC1,concatenate183,-17.6600399,-15.82898617
RMNC1,concatenate183,-13.66063213,-13.05028057
RMNC1,concatenate183,-128.165802,-15.86110973
RMNC1,concatenate183,-88.21989441,-9.484541893
RMNC1,concatenate183,-9.974429131,-9.364077568
RMNC1,concatenate183,-10.15111065,-8.320055962
RMNC1,concatenate183,-11.19513226,-78.33380127
RMNC1,concatenate183,-120.2794113,-11.63683414
RMNC1,concatenate183,-12.88966084,-9.837903023
RMNC1,concatenate183,-10.82570934,-10.82570934
RMNC1,concatenate183,-10.09489346,-9.484541893
RMNC1,concatenate183,-9.307861328,-169.2199707
RMNC1,concatenate183,-12.60054779,-8.328086853
RMNC1,concatenate183,-12.47205257,-11.25134945
RMNC1,concatenate183,-13.45985794,-108.6747055
RMNC1,concatenate183,-103.7838593,-14.06217861
RMNC1,concatenate183,-12.67282581,-16.33493614
RMNC1,concatenate183,-10.23141956,-3.517552376
RMNC1,concatenate183,-13.36348724,-20.07735443
RMNC1,concatenate183,-7.91850853,-1.204641223
RMNC1,concatenate183,-11.05057526,-9.219520569
RMNC1,concatenate183,-10.30369854,-24.34178352
RMNC1,concatenate183,-19.06545448,-13.57229137
RMNC1,concatenate183,-20.41465378,-95.48789215
RMNC1,concatenate183,-14.23082829,-7.516961575
RMNC1,concatenate183,-14.68859196,-10.41613102
RMNC1,concatenate183,-10.20732689,-55.37334061
RMNC1,concatenate183,-11.9661026,-5.252235889
RMNC1,concatenate183,-8.328086853,-7.717734814
RMNC1,concatenate183,-4.168058872,-4.168058872
RMNC1,concatenate183,-8.408395767,-16.34296608
RMNC1,concatenate183,-6.44884634,-5.228143215
RMNC1,concatenate183,-7.982756138,-6.15170145
RMNC1,concatenate183,-6.713867188,-7.934570313
RMNC1,concatenate183,-10.83374023,-12.66479492
RMNC1,concatenate183,-6.922671795,-6.922671795
RMNC1,concatenate183,-10.84980202,-7.798044205
RMNC1,concatenate183,-3.565737963,-7.838199139
RMNC1,concatenate183,-8.817974091,-12.48008347
RMNC1,concatenate183,-2.987510204,-2.377158642
RMNC1,concatenate183,-8.577045441,-9.797748566
RMNC1,concatenate183,-8.496736526,-11.54849434
RMNC1,concatenate183,-8.183529854,-5.131771564
RMNC1,concatenate183,-5.966989517,-4.746286392
RMNC1,concatenate183,-8.609169006,-3.726356983
RMNC1,concatenate183,-6.480969906,-7.701673031
RMNC1,concatenate183,-1.204641223,-6.087453842
RMNC1,concatenate183,-6.392629623,-10.66509056
RMNC1,concatenate183,-8.191560745,-7.581208706
RMNC1,concatenate183,-10.632967,-14.29507637
RMNC1,concatenate183,-3.172221899,-6.834331512
RMNC1,concatenate183,-9.299830437,-8.689478874
RMNC1,concatenate183,-6.368536472,-5.147833347
RMNC1,concatenate183,-9.25967598,-7.428620815
RMNC1,concatenate183,-6.737959862,-7.958662987
RMNC1,concatenate183,-1.895302176,-8.609169006
RMNC1,concatenate183,-8.022911072,-7.412559032
RMNC1,concatenate183,-9.339984894,-6.288227081
RMNC1,concatenate183,-2.192446947,-5.244204998
RMNC1,concatenate183,-3.830759048,-7.492868423
RMNC1,concatenate183,-4.481265545,-6.922671795
RMNC1,concatenate183,-7.348311424,-9.179366112
RMNC1,concatenate183,-4.28852272,-2.457468033
RMNC1,concatenate183,-8.135343552,-11.18710136
RMNC1,concatenate183,-6.416722298,-9.46848011
RMNC1,concatenate183,-5.453009129,-7.284063816
RMNC1,concatenate183,-6.810238361,-7.420589924
RMNC1,concatenate183,-5.862587452,-8.303993225
RMNC1,concatenate183,-7.725765705,-8.946469307
RMNC1,concatenate183,-5.525287628,-3.694233179
RMNC1,concatenate183,-10.99435902,-7.942601204
RMNC1,concatenate183,-4.810534,-5.420885563
RMNC1,concatenate183,-4.649915218,-5.260266781
RMNC1,concatenate183,-4.609760284,-2.168354273
RMNC1,concatenate183,-6.360505581,-3.919099569
RMNC1,concatenate183,-4.13593483,-5.966989517
RMNC1,concatenate183,-6.199886799,-4.979183674
RMNC1,concatenate183,-3.927130461,-5.75818491
RMNC1,concatenate183,-3.838790178,-5.669844627
RMNC1,concatenate183,-7.557116032,-6.946764469
RMNC1,concatenate183,-4.36080122,-7.412559032
RMNC1,concatenate183,-9.195427895,-6.754022121
RMNC1,concatenate183,-5.958958626,-9.010716438
RMNC1,concatenate183,-6.344443798,-5.734092236
RMNC1,concatenate183,-10.01458454,-5.742123127
RMNC1,concatenate183,-8.745695114,-8.745695114
RMNC1,concatenate183,-9.444387436,-4.561574936
RMNC1,concatenate183,-6.842362404,-5.621659279
RMNC1,concatenate183,-6.745990753,-8.577045441
RMNC1,concatenate183,-5.47710228,-4.866750717
RMNC1,concatenate183,-5.204050064,-4.593698502
RMNC1,concatenate183,-7.276032925,-5.444978237
RMNC1,concatenate183,-8.930407524,-4.047594547
RMNC1,concatenate183,-4.754317284,-8.416426659
RMNC1,concatenate183,-8.328086853,-5.276328564
RMNC1,concatenate183,-6.545217514,-5.324514389
RMNC1,concatenate183,-5.47710228,-6.087453842
RMNC1,concatenate183,-6.641588688,-6.031237125
RMNC1,concatenate183,-4.224275112,-4.834626675
RMNC1,concatenate183,-3.164191008,-3.77454257
RMNC1,concatenate183,-5.637721062,-5.027369499
RMNC1,concatenate183,-7.235878468,-9.677284241
RMNC1,concatenate183,-4.537481785,-7.589239597
RMNC1,concatenate183,-7.661518097,-8.271869659
RMNC1,concatenate183,-6.489000797,-7.09935236
RMNC1,concatenate183,-8.199591637,-8.809943199
RMNC1,concatenate183,-4.481265545,-7.533023357
RMNC1,concatenate183,-4.730224609,-4.119873047
RMNC1,concatenate183,-4.441110611,-8.713571548
RMNC1,concatenate183,-3.806666374,-5.027369499
RMNC1,concatenate183,-8.151405334,-8.761756897
RMNC1,concatenate183,-4.545513153,-4.545513153
RMNC1,concatenate183,-6.199886799,-6.199886799
RMNC1,concatenate183,-6.593402863,-9.034809113
RMNC1,concatenate183,-7.187692642,-8.408395767
RMNC1,concatenate183,-6.159732342,-4.328677654
RMNC1,concatenate183,-6.689774513,-3.0276649
RMNC1,concatenate183,-5.886680126,-9.548789978
RMNC1,concatenate183,-3.051757813,-7.934570313
RMNC1,concatenate183,-6.480969906,-5.260266781
RMNC1,concatenate183,-5.493164063,-6.103515625
RMNC1,concatenate183,-3.790604353,-2.569901228
RMNC1,concatenate183,-7.781982422,-5.340576172
RMNC2,concatenate184,-87.48104858,-29.49764824
RMNC2,concatenate184,-70.43939209,-37.4804039
RMNC2,concatenate184,-44.45929337,-70.09405518
RMNC2,concatenate184,-80.83945465,-31.4009819
RMNC2,concatenate184,-74.95278168,-35.89027786
RMNC2,concatenate184,-38.24334335,-71.20233154
RMNC2,concatenate184,-58.65799713,-31.19217682
RMNC2,concatenate184,-101.5914078,-29.56992722
RMNC2,concatenate184,-54.36144257,-29.33703041
RMNC2,concatenate184,-36.09105301,-32.42894363
RMNC2,concatenate184,-80.75914764,-28.87926674
RMNC2,concatenate184,-98.19432068,-28.0038929
RMNC2,concatenate184,-61.87840652,-27.69871712
RMNC2,concatenate184,-50.11307526,-48.89237213
RMNC2,concatenate184,-30.82275391,-46.69189453
RMNC2,concatenate184,-35.11930847,-25.96403503
RMNC2,concatenate184,-60.74604416,-30.22846413
RMNC2,concatenate184,-89.87426758,-34.33227539
RMNC2,concatenate184,-38.85369492,-47.39861679
RMNC2,concatenate184,-64.03070068,-26.18889999
RMNC2,concatenate184,-30.09996986,-40.47594452
RMNC2,concatenate184,-43.51967239,-27.65053177
RMNC2,concatenate184,-50.15322876,-50.15322876
RMNC2,concatenate184,-33.78617096,-27.68265533
RMNC2,concatenate184,-62.45663452,-30.71835136
RMNC2,concatenate184,-46.71598816,-60.7540741
RMNC2,concatenate184,-32.76624298,-28.49378014
RMNC2,concatenate184,-33.32037735,-30.8789711
RMNC2,concatenate184,-34.98278046,-31.32067299
RMNC2,concatenate184,-41.01401901,-39.18296432
RMNC2,concatenate184,-32.60562134,-30.164217
RMNC2,concatenate184,-56.45751953,-32.65380859
RMNC2,concatenate184,-34.13150024,-32.30044556
RMNC2,concatenate184,-38.81354141,-30.8789711
RMNC2,concatenate184,-55.18862915,-30.77456856
RMNC2,concatenate184,-38.40396118,-21.31411934
RMNC2,concatenate184,-63.10713959,-23.43428802
RMNC2,concatenate184,-37.41615677,-30.70228958
RMNC2,concatenate184,-52.45008087,-32.91883087
RMNC2,concatenate184,-91.92215729,-16.8489151
RMNC2,concatenate184,-25.08063126,-60.48102188
RMNC2,concatenate184,-59.05954361,-45.63180923
RMNC2,concatenate184,-92.21127319,-29.95541191
RMNC2,concatenate184,-26.54226112,-31.42507362
RMNC2,concatenate184,-45.0455513,-29.78676224
RMNC2,concatenate184,-33.62555313,-53.15680313
RMNC2,concatenate184,-59.98310471,-50.21747971
RMNC2,concatenate184,-52.514328,-29.93132019
RMNC2,concatenate184,-91.29574585,-26.59847832
RMNC2,concatenate184,-66.30345154,-29.6823597
RMNC2,concatenate184,-52.62675858,-37.97832108
RMNC2,concatenate184,-40.13061523,-60.2722168
RMNC2,concatenate184,-106.6268082,-48.64341354
RMNC2,concatenate184,-100.6999741,-51.26150131
RMNC2,concatenate184,-67.97389221,-64.9221344
RMNC2,concatenate184,-81.75498199,-62.83408737
RMNC2,concatenate184,-60.52920532,-27.57022285
RMNC2,concatenate184,-28.24482155,-83.17646027
RMNC2,concatenate184,-25.77932167,-38.59670639
RMNC2,concatenate184,-56.96347046,-34.38046265
RMNC2,concatenate184,-97.27879333,-91.78562927
RMNC2,concatenate184,-125.0096359,-62.14342499
RMNC2,concatenate184,-118.6812515,-51.54258347
RMNC2,concatenate184,-116.5129013,-73.78829193
RMNC2,concatenate184,-142.2360077,-72.65592957
RMNC2,concatenate184,-117.0268784,-78.57472992
RMNC2,concatenate184,-100.852562,-67.89357758
RMNC2,concatenate184,-135.0161896,-84.35700989
RMNC2,concatenate184,-123.7487793,-70.64819336
RMNC2,concatenate184,-130.446579,-91.99443817
RMNC2,concatenate184,-132.3017273,-63.94235611
RMNC2,concatenate184,-145.4805145,-52.09671783
RMNC2,concatenate184,-125.0096359,-65.1951828
RMNC2,concatenate184,-148.4037628,-65.39595795
RMNC2,concatenate184,-123.4114761,-78.85581207
RMNC2,concatenate184,-89.1675415,-96.49176025
RMNC2,concatenate184,-112.7544174,-67.58840179
RMNC2,concatenate184,-111.3008194,-45.99320221
RMNC2,concatenate184,-105.3177719,-49.16542435
RMNC2,concatenate184,-142.0994873,-38.33971405
RMNC2,concatenate184,-86.13987732,-71.49143982
RMNC2,concatenate184,-99.43109131,-63.42034531
RMNC2,concatenate184,-121.7410431,-48.49885559
RMNC2,concatenate184,-128.6155243,-50.49052811
RMNC2,concatenate184,-99.31062317,-43.15827942
RMNC2,concatenate184,-122.6003571,-53.02027512
RMNC2,concatenate184,-108.5863647,-48.77190781
RMNC2,concatenate184,-90.27581787,-48.77190781
RMNC2,concatenate184,-148.0745087,-64.45633698
RMNC2,concatenate184,-131.5066681,-55.82307434
RMNC2,concatenate184,-112.6660767,-58.95514297
RMNC2,concatenate184,-117.3481216,-33.1196022
RMNC2,concatenate184,-115.2038574,-55.3894043
RMNC2,concatenate184,-140.4691925,-50.13716888
RMNC2,concatenate184,-63.27578735,-95.0140686
RMNC2,concatenate184,-95.73685455,-69.49173737
RMNC2,concatenate184,-54.76298904,-34.62138748
RMNC2,concatenate184,-108.5702972,-32.88670731
RMNC2,concatenate184,-99.74429321,-71.05776978
RMNC2,concatenate184,-80.03636169,-65.38792419
RMNC2,concatenate184,-54.98785782,-109.3091431
RMNC2,concatenate184,-109.0601883,-63.89417267
RMNC2,concatenate184,-94.7008667,-32.44500351
RMNC2,concatenate184,-112.5938034,-56.44145584
RMNC2,concatenate184,-82.5661087,-68.52802277
RMNC2,concatenate184,-105.325798,-76.6392746
RMNC2,concatenate184,-134.0364227,-35.15946198
RMNC2,concatenate184,-111.0438309,-67.09851837
RMNC2,concatenate184,-120.2231979,-52.47417068
RMNC2,concatenate184,-119.4602585,-34.01103592
RMNC2,concatenate184,-77.42630768,-34.7016983
RMNC2,concatenate184,-113.3968964,-26.72697449
RMNC2,concatenate184,-68.21482086,-66.38376617
RMNC2,concatenate184,-76.43849945,-85.59377289
RMNC2,concatenate184,-104.2335892,-50.52265549
RMNC2,concatenate184,-92.96617889,-54.51403046
RMNC2,concatenate184,-51.46227264,-79.53844452
RMNC2,concatenate184,-81.40162659,-51.49439621
RMNC2,concatenate184,-78.71929169,-48.81206131
RMNC2,concatenate184,-71.98935699,-44.5235405
RMNC2,concatenate184,-63.74158478,-96.09021759
RMNC2,concatenate184,-66.19101715,-35.06309128
RMNC2,concatenate184,-94.71692657,-75.18567657
RMNC2,concatenate184,-63.29185104,-89.53696442
RMNC2,concatenate184,-48.94858932,-26.97593307
RMNC2,concatenate184,-70.69638062,-34.07528687
RMNC2,concatenate184,-69.26686859,-44.24245834
RMNC2,concatenate184,-47.10147095,-68.46377563
RMNC2,concatenate184,-104.3379898,-33.53721237
RMNC2,concatenate184,-30.26861954,-39.42389297
RMNC2,concatenate184,-46.98100662,-57.35698318
RMNC2,concatenate184,-92.14702606,-20.73589134
RMNC2,concatenate184,-71.82874298,-51.68714142
RMNC2,concatenate184,-113.2443085,-37.56071472
RMNC2,concatenate184,-81.06432343,-65.1951828
RMNC2,concatenate184,-88.24398804,-21.71566582
RMNC2,concatenate184,-64.33587646,-43.58391953
RMNC2,concatenate184,-94.43584442,-57.20439529
RMNC2,concatenate184,-96.13037109,-57.06787109
RMNC2,concatenate184,-59.89476395,-71.49143982
RMNC2,concatenate184,-64.64907837,-56.71450806
RMNC2,concatenate184,-75.47479248,-58.38494492
RMNC2,concatenate184,-71.66009521,-63.72552109
RMNC2,concatenate184,-75.37038422,-69.26686859
RMNC2,concatenate184,-20.65558243,-59.71808243
RMNC2,concatenate184,-61.1797142,-55.68655014
RMNC2,concatenate184,-60.02325821,-31.33673477
RMNC2,concatenate184,-50.76358032,-59.3085022
RMNC2,concatenate184,-68.80910492,-76.13332367
RMNC2,concatenate184,-75.90846252,-27.08033562
RMNC2,concatenate184,-76.64730835,-50.40219116
RMNC2,concatenate184,-105.2856445,-46.08154297
RMNC2,concatenate184,-92.49235535,-55.8712616
RMNC2,concatenate184,-80.69490051,-76.42243958
RMNC2,concatenate184,-106.7071228,-60.32040405
RMNC2,concatenate184,-82.13243866,-96.78087616
RMNC2,concatenate184,-54.14460754,-61.46882629
RMNC2,concatenate184,-96.23477173,-74.87246704
RMNC2,concatenate184,-44.48338699,-77.44236755
RMNC2,concatenate184,-86.00335693,-47.55120468
RMNC2,concatenate184,-89.44059753,-64.41618347
RMNC2,concatenate184,-69.41143036,-87.11162567
RMNC2,concatenate184,-60.43283463,-60.43283463
RMNC2,concatenate184,-62.77787018,-59.72611237
RMNC2,concatenate184,-92.2915802,-34.30818176
RMNC2,concatenate184,-93.74517822,-43.08600235
RMNC2,concatenate184,-60.24812317,-65.13093567
RMNC2,concatenate184,-114.2642365,-66.04646301
RMNC2,concatenate184,-82.86325836,-73.09763336
RMNC2,concatenate184,-66.31951904,-48.00896835
RMNC2,concatenate184,-79.08068085,-15.6041193
RMNC2,concatenate184,-48.74781418,-72.55152893
RMNC2,concatenate184,-104.7556,-76.6794281
RMNC2,concatenate184,-67.86948395,-56.88315964
RMNC2,concatenate184,-97.57594299,-71.33082581
RMNC2,concatenate184,-90.54083252,-50.25763321
RMNC2,concatenate184,-85.61786652,-67.30731964
RMNC2,concatenate184,-85.53755951,-74.55123138
RMNC2,concatenate184,-61.1797142,-44.70022202
RMNC2,concatenate184,-55.49380493,-54.27310181
RMNC2,concatenate184,-79.18508148,-63.92629623
RMNC2,concatenate184,-67.32338715,-47.79213333
RMNC2,concatenate184,-94.82936096,-38.6770134
RMNC2,concatenate184,-73.29840088,-45.22223282
RMNC2,concatenate184,-78.34183502,-37.44828033
RMNC2,concatenate184,-99.88885498,-62.65740585
RMNC2,concatenate184,-86.38883972,-59.53337097
RMNC2,concatenate184,-84.22048187,-32.95095444
RMNC2,concatenate184,-84.05986786,-37.67314529
RMNC2,concatenate184,-76.76776886,-68.83319855
RMNC2,concatenate184,-75.94058228,-35.04702759
RMNC2,concatenate184,-28.37331581,-51.56667709
RMNC2,concatenate184,-97.27879333,-38.68504715
RMNC2,concatenate184,-83.9313736,-88.20383453
RMNC2,concatenate184,-89.36029053,-66.77728271
RMNC2,concatenate184,-53.47803879,-73.0092926
RMNC2,concatenate184,-91.12709808,-68.54409027
RMNC2,concatenate184,-80.03636169,-55.62230301
RMNC2,concatenate184,-89.43256378,-27.17670631
RMNC2,concatenate184,-29.45749474,-91.10300446
RMNC2,concatenate184,-86.16397095,-48.32217407
RMNC2,concatenate184,-55.63836288,-50.75555038
RMNC2,concatenate184,-108.2008743,-75.24188995
RMNC2,concatenate184,-100.1699371,-80.02833557
RMNC2,concatenate184,-63.05092239,-38.02650833
RMNC2,concatenate184,-65.69309998,-54.0964241
RMNC2,concatenate184,-75.08127594,-26.8635006
RMNC2,concatenate184,-68.54409027,-82.58217621
RMNC2,concatenate184,-24.46224785,-76.34213257
RMNC2,concatenate184,-79.42601013,-25.10472298
RMNC2,concatenate184,-64.22344208,-31.87480736
RMNC2,concatenate184,-35.10324478,-18.6237545
RMNC2,concatenate184,-61.1797142,-25.16897011
RMNC2,concatenate184,-64.8819809,-54.50600052
RMNC2,concatenate184,-86.99115753,-49.75971603
RMNC2,concatenate184,-62.93045807,-51.33377838
RMNC2,concatenate184,-69.1142807,-38.59670639
RMNC2,concatenate184,-60.67376328,-50.90813828
RMNC2,concatenate184,-57.64609909,-16.7525444
RMNC2,concatenate184,-45.76833725,-59.19607162
RMNC2,concatenate184,-47.55120468,-111.027771
RMNC2,concatenate184,-57.78262329,-46.79629517
RMNC2,concatenate184,-65.87781525,-41.46375275
RMNC2,concatenate184,-63.83795547,-62.00690079
RMNC2,concatenate184,-57.22045898,-45.01342773
RMNC2,concatenate184,-71.51553345,-50.76358032
RMNC2,concatenate184,-80.54231262,-34.76594543
RMNC2,concatenate184,-77.41827393,-22.48663712
RMNC2,concatenate184,-77.08901215,-96.00991058
RMNC2,concatenate184,-43.62407303,-90.62114716
RMNC2,concatenate184,-101.4950409,-32.52531433
RMNC2,concatenate184,-57.02771759,-69.23474884
RMNC2,concatenate184,-52.69903946,-40.49200821
RMNC2,concatenate184,-71.41916656,-90.340065
RMNC2,concatenate184,-67.76508331,-57.99946213
RMNC2,concatenate184,-105.5346069,-45.72014999
RMNC2,concatenate184,-79.20114899,-67.6044693
RMNC2,concatenate184,-72.47924805,-60.2722168
RMNC2,concatenate184,-75.08930206,-79.361763
RMNC2,concatenate184,-55.1966629,-85.71424103
RMNC2,concatenate184,-90.44446564,-75.18567657
RMNC2,concatenate184,-110.3692322,-46.28231812
RMNC2,concatenate184,-37.8658905,-83.03190613
RMNC2,concatenate184,-93.33560181,-34.74185181
RMNC2,concatenate184,-93.64881134,-61.91053009
RMNC2,concatenate184,-67.66871643,-78.65504456
RMNC2,concatenate184,-69.77281952,-42.30699921
RMNC2,concatenate184,-71.07382965,-61.91856003
RMNC2,concatenate184,-85.28057098,-76.12529755
RMNC2,concatenate184,-61.73384857,-76.99263763
RMNC2,concatenate184,-86.13987732,-118.4885101
RMNC2,concatenate184,-88.21989441,-44.88493347
RMNC2,concatenate184,-68.78501129,-44.37095261
RMNC2,concatenate184,-93.4881897,-92.26748657
RMNC2,concatenate184,-98.60390472,-56.4896431
RMNC2,concatenate184,-80.03636169,-65.38792419
RMNC2,concatenate184,-68.64849091,-79.02446747
RMNC2,concatenate184,-69.95753479,-68.73683167
RMNC2,concatenate184,-120.3436584,-58.69815063
RMNC2,concatenate184,-105.0366821,-33.62555313
RMNC2,concatenate184,-48.77190781,-50.60296249
RMNC2,concatenate184,-68.44771576,-83.70650482
RMNC2,concatenate184,-49.75971603,-102.8602982
RMNC2,concatenate184,-75.17764282,-60.52920532
RMNC2,concatenate184,-87.66575623,-44.94115067
RMNC2,concatenate184,-72.01345062,-25.62673378
RMNC2,concatenate184,-82.84719086,-56.60207748
RMNC2,concatenate184,-99.31865692,-84.05986786
RMNC2,concatenate184,-101.3826065,-50.11307526
RMNC2,concatenate184,-35.40842056,-79.96408844
RMNC2,concatenate184,-131.6913757,-38.30759048
RMNC2,concatenate184,-107.0765457,-67.40369415
RMNC2,concatenate184,-68.71273804,-66.27133179
RMNC2,concatenate184,-52.56251144,-76.3662262
RMNC2,concatenate184,-32.66183853,-103.4626236
RMNC2,concatenate184,-100.1217499,-80.59049988
RMNC2,concatenate184,-122.2148666,-54.46584702
RMNC2,concatenate184,-73.82041168,-90.29990387
RMNC2,concatenate184,-93.19104767,-63.89417267
RMNC2,concatenate184,-47.013134,-104.9965286
RMNC2,concatenate184,-62.9947052,-120.9781036
RMNC2,concatenate184,-106.7151489,-75.58721924
RMNC2,concatenate184,-117.3320541,-73.38674164
RMNC2,concatenate184,-86.4852066,-109.678566
RMNC2,concatenate184,-86.99115753,-76.61518097
RMNC2,concatenate184,-87.29633331,-91.56879425
RMNC2,concatenate184,-89.93851471,-70.40726471
RMNC2,concatenate184,-116.3041,-47.94472122
RMNC2,concatenate184,-90.26778412,-43.88106537
RMNC2,concatenate184,-57.05984116,-21.04909706
RMNC2,concatenate184,-103.0691071,-48.74781418
RMNC2,concatenate184,-123.2026749,-76.81595612
RMNC2,concatenate184,-68.54409027,-59.99916458
RMNC2,concatenate184,-123.4596634,-49.60712814
RMNC2,concatenate184,-103.9203873,-39.22311783
RMNC2,concatenate184,-95.91353607,-50.13716888
RMNC2,concatenate184,-84.37306976,-54.46584702
RMNC2,concatenate184,-72.30256653,-78.40608215
RMNC2,concatenate184,-68.5922699,-56.99559402
RMNC2,concatenate184,-84.22048187,-58.58572006
RMNC2,concatenate184,-47.39058685,-100.4911728
RMNC2,concatenate184,-109.8632813,-25.63476563
RMNC2,concatenate184,-114.8585281,-42.2266922
RMNC2,concatenate184,-64.2314682,-57.51760483
RMNC2,concatenate184,-81.49799347,-52.81147385
RMNC2,concatenate184,-55.2528801,-82.10834503
RMNC2,concatenate184,-88.05927277,-82.5661087
RMNC2,concatenate184,-83.62619781,-84.23654938
RMNC2,concatenate184,-96.89331055,-70.64819336
RMNC2,concatenate184,-84.50156403,-66.19101715
RMNC2,concatenate184,-107.6467438,-84.4533844
RMNC2,concatenate184,-74.99293518,-53.02027512
RMNC2,concatenate184,-101.4067001,-95.91353607
RMNC2,concatenate184,-69.7647934,-89.90639496
RMNC2,concatenate184,-89.92245483,-74.05331421
RMNC2,concatenate184,-114.0795288,-39.00628281
RMNC2,concatenate184,-69.74872589,-59.98310471
RMNC2,concatenate184,-94.56433868,-62.21570587
RMNC2,concatenate184,-85.37693787,-89.03904724
RMNC2,concatenate184,-99.1018219,-72.24635315
RMNC2,concatenate184,-134.1006622,-62.07917786
RMNC2,concatenate184,-82.11637878,-55.26091003
RMNC2,concatenate184,-101.0131836,-72.32666016
RMNC2,concatenate184,-72.31060028,-51.55864334
RMNC2,concatenate184,-112.6660767,-63.83795547
RMNC2,concatenate184,-104.3781509,-73.25022125
RMNC2,concatenate184,-71.25854492,-46.84448242
RMNC2,concatenate184,-114.4168243,-41.17463684
RMNC2,concatenate184,-103.2939682,-61.1797142
RMNC2,concatenate184,-86.6940155,-69.60417175
RMNC2,concatenate184,-86.64582825,-61.62141418
RMNC2,concatenate184,-107.4700623,-51.92807007
RMNC2,concatenate184,-69.05806732,-65.39595795
RMNC2,concatenate184,-116.8823242,-44.25048828
RMNC2,concatenate184,-104.169342,-52.89981079
RMNC2,concatenate184,-112.5697098,-41.15857697
RMNC2,concatenate184,-103.9203873,-77.06491852
RMNC2,concatenate184,-86.25231171,-88.69371796
RMNC2,concatenate184,-108.0804138,-61.08334351
RMNC2,concatenate184,-68.3995285,-100.7481613
RMNC2,concatenate184,-67.92570496,-90.50871277
RMNC2,concatenate184,-105.2776108,-62.55300522
RMNC2,concatenate184,-94.08248138,-78.21334076
RMNC2,concatenate184,-116.2719727,-38.75732422
RMNC2,concatenate184,-64.10297394,-94.62055206
RMNC2,concatenate184,-95.03816223,-50.48249817
RMNC2,concatenate184,-99.01348114,-42.25078201
RMNC2,concatenate184,-135.7630615,-28.34119225
RMNC2,concatenate184,-81.33737946,-89.27194977
RMNC2,concatenate184,-84.99948883,-108.1928482
RMNC2,concatenate184,-120.5604935,-74.17377472
RMNC2,concatenate184,-70.88912201,-78.82369232
RMNC2,concatenate184,-70.08602905,-64.59286499
RMNC2,concatenate184,-70.17436981,-63.46049881
RMNC2,concatenate184,-110.4174194,-59.14788437
RMNC2,concatenate184,-70.30286407,-20.25403404
RMNC2,concatenate184,-84.08396149,-60.28024673
RMNC2,concatenate184,-117.8058853,-57.99142838
RMNC2,concatenate184,-92.63690948,-30.99140358
RMNC2,concatenate184,-102.1053925,-62.43254089
RMNC2,concatenate184,-110.248764,-46.16185379
RMNC3,2025_05_09_0002,-106.4581604,-63.12319946
RMNC3,2025_05_09_0002,-118.6089783,-28.88729668
RMNC3,2025_05_09_0002,-115.5411606,-37.41615677
RMNC3,2025_05_09_0002,-75.27401733,-64.89804077
RMNC3,2025_05_09_0002,-115.4769058,-44.06577682
RMNC3,2025_05_09_0002,-68.96972656,-75.68359375
RMNC3,2025_05_09_0002,-82.79901123,-90.12322998
RMNC3,2025_05_09_0002,-69.68447876,-64.80166626
RMNC3,2025_05_09_0002,-65.46823883,-65.46823883
RMNC3,2025_05_09_0002,-58.1118927,-85.57771301
RMNC3,2025_05_09_0002,-88.58931732,-50.13716888
RMNC3,2025_05_09_0002,-71.34688568,-60.36055756
RMNC3,2025_05_09_0002,-76.90429688,-57.37304688
RMNC3,2025_05_09_0002,-68.13450623,-87.66575623
RMNC3,2025_05_09_0002,-75.14552307,-51.34180832
RMNC3,2025_05_09_0002,-69.77281952,-72.21422577
RMNC3,2025_05_09_0002,-106.482254,-47.88850403
RMNC3,2025_05_09_0002,-72.18210602,-40.44382095
RMNC3,2025_05_09_0002,-66.23920441,-81.49799347
RMNC3,2025_05_09_0002,-66.41588593,-48.10533905
RMNC3,2025_05_09_0002,-43.52770233,-64.27965546
RMNC3,2025_05_09_0002,-68.13450623,-54.0964241
RMNC3,2025_05_09_0002,-76.14135742,-48.67553711
RMNC3,2025_05_09_0002,-95.66457367,-61.48488998
RMNC3,2025_05_09_0002,-84.96736145,-49.56697083
RMNC3,2025_05_09_0002,-101.5673218,-41.14251328
RMNC3,2025_05_09_0002,-115.3644791,-32.96701431
RMNC3,2025_05_09_0002,-103.2939682,-27.61037636
RMNC3,2025_05_09_0002,-94.98194885,-36.9985466
RMNC3,2025_05_09_0002,-104.4022446,-37.87392044
RMNC3,2025_05_09_0002,-72.59168243,-66.48816681
RMNC3,2025_05_09_0002,-86.6940155,-69.60417175
RMNC3,2025_05_09_0002,-96.46767426,-32.99110794
RMNC3,2025_05_09_0002,-79.78740692,-40.72490311
RMNC3,2025_05_09_0002,-73.25022125,-60.43283463
RMNC3,2025_05_09_0002,-75.82814789,-31.27248573
RMNC3,2025_05_09_0002,-82.84719086,-30.35695839
RMNC3,2025_05_09_0002,-91.35999298,-21.16956139
RMNC3,2025_05_09_0002,-42.01788712,-66.4319458
RMNC3,2025_05_09_0002,-70.22255707,-62.28798294
RMNC3,2025_05_09_0002,-97.14227295,-69.06610107
RMNC3,2025_05_09_0002,-77.27371979,-74.83231354
RMNC3,2025_05_09_0002,-76.79186249,-60.92272186
RMNC3,2025_05_09_0002,-118.3841095,-25.610672
RMNC3,2025_05_09_0002,-107.3576279,-36.55684662
RMNC3,2025_05_09_0002,-15.98157406,-115.4688797
RMNC3,2025_05_09_0002,-18.63178444,-83.32904816
RMNC3,2025_05_09_0002,-93.44803619,-61.70975494
RMNC3,2025_05_09_0002,-102.0331116,-34.8944397
RMNC3,2025_05_09_0002,-94.06642151,-29.97950554
RMNC3,2025_05_09_0002,-81.93969727,-50.20141602
RMNC3,2025_05_09_0002,-42.9414444,-66.74515533
RMNC3,2025_05_09_0002,-85.56165314,-41.61634064
RMNC3,2025_05_09_0002,-91.89003754,-58.93104935
RMNC3,2025_05_09_0002,-100.4429855,-21.09728432
RMNC3,2025_05_09_0002,-62.59315872,-53.43788528
RMNC3,2025_05_09_0002,-73.88466644,-56.79481888
RMNC3,2025_05_09_0002,-62.4726944,-65.52445221
RMNC3,2025_05_09_0002,-75.22583008,-55.08422852
RMNC3,2025_05_09_0002,-71.98133087,-31.08777428
RMNC3,concatenate185,-145.0147095,-47.96881485
RMNC3,concatenate185,-106.7553101,-65.25140381
RMNC3,concatenate185,-99.83263397,-58.32872772
RMNC3,concatenate185,-111.6943359,-92.7734375
RMNC3,concatenate185,-119.2755432,-61.29214478
RMNC3,concatenate185,-125.7806091,-59.25228882
RMNC3,concatenate185,-92.00246429,-83.45754242
RMNC3,concatenate185,-121.7249832,-14.30310726
RMNC3,concatenate185,-146.9742584,-52.36977005
RMNC3,concatenate185,-118.1592407,-80.92779541
RMNC3,concatenate185,-94.94179535,-65.64492035
RMNC3,concatenate185,-126.519455,-52.05656433
RMNC3,concatenate185,-28.57409096,-73.12975311
RMNC3,concatenate185,-128.7520599,-38.42002487
RMNC3,concatenate185,-15.16241741,-19.4348793
RMNC3,concatenate185,-19.49912643,-128.1417084
RMNC3,concatenate185,-19.73202324,-26.44589043
RMNC3,concatenate185,-34.97475052,-112.4894028
RMNC3,concatenate185,-139.7464142,-9.131180763
RMNC3,concatenate185,-17.54760742,-132.9040527
RMNC3,concatenate185,-23.34594727,-114.8986816
RMNC3,concatenate185,-17.83672142,-122.2068405
RMNC3,concatenate185,-19.45094109,-21.89234734
RMNC3,concatenate185,-111.0197372,-17.02559662
RMNC3,concatenate185,-16.2305336,-12.56842327
RMNC3,concatenate185,-10.37597656,-99.48730469
RMNC3,concatenate185,-16.37508965,-116.4727478
RMNC3,concatenate185,-100.6598206,-74.41470337
RMNC3,concatenate185,-20.22994232,-97.74459076
RMNC3,concatenate185,-117.9263458,-28.20466614
RMNC3,concatenate185,-104.5789185,-18.51935196
RMNC3,concatenate185,-19.92476654,-126.1259384
RMNC3,concatenate185,-12.72904205,-37.14310455
RMNC3,concatenate185,-19.59549713,-128.2380829
RMNC3,concatenate185,-14.28704548,-95.46380615
RMNC3,concatenate185,-17.64397812,-123.2348022
RMNC3,concatenate185,-89.24785614,-19.66777611
RMNC3,concatenate185,-13.32333183,-106.0967712
RMNC3,concatenate185,-74.60744476,-40.42776108
RMNC3,concatenate185,-8.970561981,-111.5096207
RMNC3,concatenate185,-16.59995651,-14.15855026
RMNC3,concatenate185,-21.41049004,-103.1976013
RMNC3,concatenate185,-95.95368958,-25.76325989
RMNC3,concatenate185,-105.108963,-61.77400208
RMNC3,concatenate185,-18.35070229,-18.96105385
RMNC3,concatenate185,-18.29448509,-18.90483665
RMNC3,concatenate185,-21.47473717,-8.047003746
RMNC3,concatenate185,-16.19037819,-15.58002663
RMNC3,concatenate185,-17.11393738,-17.72428894
RMNC3,concatenate185,-16.6160183,-19.05742455
RMNC3,concatenate185,-18.55950546,-14.89739704
RMNC3,concatenate185,-13.87746716,-5.942896843
RMNC3,concatenate185,-18.63178444,-11.30756569
RMNC3,concatenate185,-14.19067383,-9.918212891
RMNC3,concatenate185,-12.43992901,-12.43992901
RMNC3,concatenate185,-12.32749557,-12.93784714
RMNC3,concatenate185,-16.52767754,-9.813810349
RMNC3,concatenate185,-18.98514557,-20.81620026
RMNC3,concatenate185,-17.14606094,-20.80817032
RMNC3,concatenate185,-11.4440918,-20.59936523
RMNC3,concatenate185,-17.0978756,-12.8254137
RMNC3,concatenate185,-21.3462429,-14.63237572
RMNC3,concatenate185,-17.0818119,-18.30251503
RMNC3,concatenate185,-29.33703041,-19.57140541
RMNC3,concatenate185,-11.31559658,-12.53629971
RMNC3,concatenate185,-10.59281158,-17.30667877
RMNC3,concatenate185,-10.88995647,-10.27960491
RMNC3,concatenate185,-16.11809921,-10.01458454
RMNC3,concatenate185,-12.46402168,-13.07437325
RMNC3,concatenate185,-10.07883167,-10.07883167
RMNC3,concatenate185,-6.794176579,-8.01488018
RMNC3,concatenate185,-11.13891602,-10.52856445
RMNC3,concatenate185,-11.54046345,-9.099057198
RMNC3,concatenate185,-12.92981625,-11.09876156
RMNC3,concatenate185,-17.9491539,-8.183529854
RMNC3,concatenate185,-13.04224873,-8.769787788
RMNC3,concatenate185,-13.61244583,-13.00209427
RMNC3,concatenate185,-14.54403496,-15.76473808
RMNC3,concatenate185,-11.49227715,-9.661222458
RMNC3,concatenate185,-15.21863461,-12.77722836
RMNC3,concatenate185,-11.86170101,-15.52381039
RMNC3,concatenate185,-10.56871891,-11.17907047
RMNC3,concatenate185,-12.91375446,-14.74480915
RMNC3,concatenate185,-13.18680573,-14.40750885
RMNC3,concatenate185,-10.56068802,-13.61244583
RMNC3,concatenate185,-21.83613014,-7.187692642
RMNC3,concatenate185,-12.75313568,-12.75313568
RMNC3,concatenate185,-11.87776279,-13.70881748
RMNC3,concatenate185,-9.813810349,-11.64486504
RMNC3,concatenate185,-8.689478874,-11.13088512
RMNC3,concatenate185,-10.56871891,-2.634148836
RMNC3,concatenate185,-14.98573685,-22.92030716
RMNC3,concatenate185,-13.29120827,-11.46015358
RMNC3,concatenate185,-15.39531517,-14.17461205
RMNC3,concatenate185,-10.10292435,-17.4271431
RMNC3,concatenate185,-8.448550224,-10.27960491
RMNC3,concatenate185,-8.641293526,-8.641293526
RMNC3,concatenate185,-5.47710228,-11.5806179
RMNC3,concatenate185,-7.685611248,-10.12701702
RMNC3,concatenate185,-9.139211655,-6.697805405
RMNC3,concatenate185,-10.71327591,-14.37538528
RMNC3,concatenate185,-15.58805752,-10.70524502
RMNC3,concatenate185,-13.44379616,-11.61274147
RMNC3,concatenate185,-11.98216534,-11.98216534
RMNC3,concatenate185,-9.926243782,-9.926243782
RMNC3,concatenate185,-5.549380779,-7.380435467
RMNC3,concatenate185,-5.734092236,-11.22725677
RMNC3,concatenate185,-9.974429131,-13.63653851
RMNC3,concatenate185,-9.307861328,-6.866455078
RMNC3,concatenate185,-10.03867722,-10.64902878
RMNC3,concatenate185,-8.801912308,-11.85367012
RMNC3,concatenate185,-15.17847919,-11.51636982
RMNC3,concatenate185,-13.7891264,-8.295962334
RMNC3,concatenate185,-15.71655273,-9.002685547
RMNC3,concatenate185,-12.23915482,-9.187397003
RMNC3,concatenate185,-6.786145687,-7.39649725
RMNC3,concatenate185,-7.115414143,-6.50506258
RMNC3,concatenate185,-8.047003746,-6.826300144
RMNC3,concatenate185,-9.275737762,-14.15855026
RMNC3,concatenate185,-9.910181999,-13.57229137
RMNC3,concatenate185,-9.420294762,-10.64099789
RMNC3,concatenate185,-10.60887432,-9.998522758
RMNC3,concatenate185,-12.03838158,-7.765920639
RMNC3,concatenate185,-7.717734814,-9.548789978
RMNC3,concatenate185,-7.677580357,-10.72933769
RMNC3,concatenate185,-14.38341618,-5.838494778
RMNC3,concatenate185,-6.713867188,-8.544921875
RMNC3,concatenate185,-7.019042969,-8.850097656
RMNC3,concatenate185,-5.645751953,-9.918212891
RMNC3,concatenate185,-6.593402863,-5.9830513
RMNC3,concatenate185,-7.814105988,-4.151996613
RMNC3,concatenate185,-6.039268017,-5.428916454
RMNC3,concatenate185,-5.011307716,-6.232010841
RMNC3,concatenate185,-8.72160244,-9.331954002
RMNC3,concatenate185,-10.31172943,-7.870322704
RMNC3,concatenate185,-5.653782845,-6.87448597
RMNC3,concatenate185,-6.087453842,-7.91850853
RMNC3,concatenate185,-5.854556561,-8.906313896
RMNC3,concatenate185,-5.958958626,-4.738255501
RMNC3,concatenate185,-9.52469635,-5.862587452
RMNC3,concatenate185,-7.043135643,-6.432784081
RMNC3,concatenate185,-6.0553298,-10.93814278
RMNC3,concatenate185,-7.075259686,-9.516665459
RMNC3,concatenate185,-7.862291813,-7.25194025
RMNC3,concatenate185,-7.147538185,-11.41999912
RMNC3,concatenate185,-6.778114796,-6.167763233
RMNC3,concatenate185,-8.536890984,-7.316187859
RMNC3,concatenate185,-2.89113903,-1.670435905
RMNC3,concatenate185,-8.464612007,-1.750745296
RMNC3,concatenate185,-7.444683075,-8.055034637
RMNC3,concatenate185,-6.882516861,-9.934274673
RMNC3,concatenate185,-9.797748566,-14.0702095
RMNC3,concatenate185,-9.476511002,-7.035104752
RMNC3,concatenate185,-11.66092682,-9.829872131
RMNC3,concatenate185,-8.649324417,-11.09073067
RMNC3,concatenate185,-6.87448597,-5.653782845
RMNC3,concatenate185,-8.713571548,-7.492868423
RMNC3,concatenate185,-4.408987045,-8.681447983
RMNC3,concatenate185,-8.496736526,-4.834626675
RMNC3,concatenate185,-12.86556816,-7.372404575
RMNC3,concatenate185,-7.533023357,-5.70196867
RMNC3,concatenate185,-6.537186623,-5.316483498
RMNC3,concatenate185,-6.464908123,-9.516665459
RMNC3,concatenate185,-4.947060108,-5.557411671
RMNC3,concatenate185,-4.047594547,-2.21653986
RMNC3,concatenate185,-5.613628387,-4.392925262
RMNC3,concatenate185,-6.721898079,-10.38400745
RMNC3,concatenate185,-7.051166534,-11.32362747
RMNC3,concatenate185,-5.693937778,-3.25253129
RMNC3,concatenate185,-6.007144451,-8.448550224
RMNC3,concatenate185,-2.409282446,-1.188579321
RMNC3,concatenate185,-5.718030453,-4.497327328
RMNC3,concatenate185,-8.472643852,-5.420885563
RMNC3,concatenate185,-6.191855907,-6.191855907
RMNC3,concatenate185,-8.143374443,-3.870913744
RMNC3,concatenate185,-7.043135643,-13.14665127
RMNC3,concatenate185,-5.340576172,-4.730224609
RMNC3,concatenate185,-7.388466358,-16.54373932
RMNC3,concatenate185,-7.002981186,-5.782278061
RMNC3,concatenate185,-5.806370735,-5.806370735
RMNC3,concatenate185,-8.801912308,-8.801912308
RMNC3,concatenate185,-5.9107728,-13.84534359
RMNC3,concatenate185,-10.83374023,-7.781982422
RMNC3,concatenate185,-4.513389111,-5.734092236
RMNC3,concatenate185,-2.481560946,-6.754022121
RMNC3,concatenate185,-7.854260921,-2.971448421
RMNC3,concatenate185,-5.436947346,-6.047298908
RMNC3,concatenate185,-6.994950294,-11.87776279
RMNC3,concatenate185,-7.388466358,-10.44022369
RMNC3,concatenate185,-6.866455078,-6.866455078
RMNC3,concatenate185,-6.416722298,-5.196019173
RMNC3,concatenate185,-9.797748566,-8.577045441
RMNC3,concatenate185,-8.930407524,-7.709703922
RMNC3,concatenate185,-4.770379543,0.722784758
RMNC3,concatenate185,-8.520829201,-6.079422951
RMNC3,concatenate185,-3.613923788,-2.393220663
RMNC3,concatenate185,-4.8828125,0
RMNC3,concatenate185,-4.232306004,-3.011603117
RMNC3,concatenate185,-7.62136364,-7.62136364
RMNC3,concatenate185,-7.741827488,-8.96253109
RMNC3,concatenate185,-3.878944874,-5.709999561
RMNC3,concatenate185,-5.782278061,-7.002981186
RMNC3,concatenate185,-8.689478874,-6.858424187
RMNC3,concatenate185,-10.4321928,-5.549380779
RMNC3,concatenate185,-8.191560745,-10.02261543
RMNC3,concatenate185,-6.28019619,-8.111250877
RMNC3,concatenate185,-7.268002033,-10.31976032
RMNC3,concatenate185,-6.416722298,-6.416722298
RMNC3,concatenate185,-8.287931442,-7.677580357
RMNC3,concatenate185,-6.143670559,-4.312615871
RMNC3,concatenate185,-3.870913744,-3.870913744
RMNC3,concatenate185,-5.075555325,-6.29625845
RMNC3,concatenate185,-4.160027981,-7.822137356
RMNC3,concatenate185,-8.111250877,-6.890547752
RMNC3,concatenate185,-7.211785793,-8.432488441
RMNC3,concatenate185,-6.697805405,-6.087453842
RMNC3,concatenate185,-8.295962334,-5.854556561
RMNC3,concatenate185,-2.602025032,-5.043431282
RMNC3,concatenate185,-6.713867188,-4.272460938
RMNC3,concatenate185,-3.381026506,-5.212080956
RMNC3,concatenate185,-2.593994141,-6.256103516
RMNC3,concatenate185,-4.874781609,-4.874781609
RMNC3,concatenate185,-6.047298908,-6.657650471
RMNC3,concatenate185,-4.898874283,-6.119577408
RMNC3,concatenate185,-6.986919403,-4.545513153
RMNC3,concatenate185,-5.742123127,-4.521420002
RMNC3,concatenate185,-9.364077568,-8.753726006
RMNC3,concatenate185,-7.019042969,-8.850097656
RMNC3,concatenate185,-7.468775749,-6.248072624
RMNC3,concatenate185,-6.986919403,-4.545513153
RMNC3,concatenate185,-4.264430046,-10.36794567
RMNC3,concatenate185,-2.971448421,-4.802503109
RMNC3,concatenate185,-6.023206234,-4.802503109
RMNC3,concatenate185,-4.352770329,-4.352770329
RMNC3,concatenate185,-5.155864716,-2.714458227
RMNC3,concatenate185,-5.33254528,-4.722193718
RMNC3,concatenate185,-2.947355509,-8.440519333
RMNC3,concatenate185,-4.320646763,-1.268888831
RMNC3,concatenate185,-5.019338608,-5.019338608
RMNC3,concatenate185,-4.529450893,-6.360505581
RMNC3,concatenate185,-4.665977001,-2.834922314
RMNC3,concatenate185,-4.746286392,-2.915231705
RMNC3,concatenate185,-6.858424187,-6.248072624
RMNC3,concatenate185,-6.191855907,-6.191855907
RMNC3,concatenate185,-5.886680126,-4.055625439
RMNC3,concatenate185,-5.621659279,-4.400956154
RMNC3,concatenate185,-6.079422951,-5.469071388
RMNC3,concatenate185,-7.460744858,-4.408987045
RMNC3,concatenate185,-7.195723534,-4.143965721
RMNC3,concatenate185,-4.738255501,-5.348607063
RMNC3,concatenate185,-5.918804169,-1.03599143
RMNC3,concatenate185,-6.665681362,-3.003572226
RMNC3,concatenate185,-3.710294962,-7.372404575
RMNC3,concatenate185,-4.344739437,-3.124036312
RMNC3,concatenate185,-5.083586216,-6.914640903
RMNC3,concatenate185,-5.70196867,-3.870913744
RMNC3,concatenate185,-5.975020409,-11.46818447
RMNC3,concatenate185,-7.02707386,-6.416722298
RMNC3,concatenate185,-8.488705635,-7.878353596
RMNC3,concatenate185,-7.227847576,-7.227847576
RMNC3,concatenate185,-5.420885563,-4.810534
RMNC3,concatenate185,-4.898874283,-4.28852272
RMNC3,concatenate185,-5.059493065,-5.669844627
RMNC3,concatenate185,-5.099647999,-3.878944874
RMNC3,concatenate185,-5.059493065,-8.72160244
RMNC3,concatenate185,-4.818564892,-4.818564892
RMNC3,concatenate185,-4.794472218,-4.794472218
RMNC3,concatenate185,-4.336708546,-4.947060108
RMNC3,concatenate185,-4.65794611,-4.65794611
RMNC3,concatenate185,-4.176089764,-4.176089764
RMNC3,concatenate185,-3.750449657,-3.750449657
RMNC3,concatenate185,-4.939029217,-3.718325853
RMNC3,concatenate185,-3.356933594,-2.746582031
RMNC3,concatenate185,-5.501194954,-3.059788704
RMNC3,concatenate185,-5.292390347,-4.071687222
RMNC3,concatenate185,-3.702264071,-9.195427895
RMNC3,concatenate185,-2.618087053,-3.228438616
RMNC3,concatenate185,-3.895006657,-3.895006657
RMNC3,concatenate185,-3.766511679,-3.766511679
RMNC3,concatenate185,-4.465203762,-4.465203762
RMNC3,concatenate185,-4.36080122,-2.529746532
RMNC3,concatenate185,-3.718325853,-3.718325853
RMNC3,concatenate185,-5.204050064,-5.204050064
RMNC3,concatenate185,-5.083586216,-6.304289341
RMNC3,concatenate185,-5.300421238,-5.9107728
RMNC3,concatenate185,-5.33254528,-3.501490593
RMNC3,concatenate185,-2.039859056,-3.260562181
RMNC3,concatenate185,-3.862882853,-4.473234653
RMNC3,concatenate185,-4.58566761,-5.806370735
RMNC3,concatenate185,-5.846525669,-3.405119181
RMNC3,concatenate185,-6.962826252,-6.352474689
RMNC3,concatenate185,-6.601434231,-7.822137356
RMNC3,concatenate185,-6.087453842,-5.47710228
RMNC3,concatenate185,-5.726061344,-7.557116032
RMNC3,concatenate185,-6.047298908,-9.099057198
RMNC3,concatenate185,-6.561279297,-7.171630859
RMNC3,concatenate185,-6.480969906,-7.091321468
RMNC3,concatenate185,-6.80220747,-5.581504345
RMNC3,concatenate185,-5.324514389,-5.324514389
RMNC3,concatenate185,-5.220111847,-3.389057398
RMNC4,concatenate186,-96.55600739,-48.94858932
RMNC4,concatenate186,-128.7600861,-46.36262512
RMNC4,concatenate186,-74.84837341,-83.39329529
RMNC4,concatenate186,-131.9242706,-44.64400482
RMNC4,concatenate186,-106.5063477,-61.95068359
RMNC4,concatenate186,-68.65651703,-62.55300522
RMNC4,concatenate186,-111.027771,-31.68206406
RMNC4,concatenate186,-97.80080414,-55.68655014
RMNC4,concatenate186,-48.61128998,-92.55660248
RMNC4,concatenate186,-69.68447876,-48.93252563
RMNC4,concatenate186,-95.51198578,-21.04909706
RMNC4,concatenate186,-70.7927475,-35.39236069
RMNC4,concatenate186,-111.2767258,-20.33434486
RMNC4,concatenate186,-48.36233139,-37.37600327
RMNC4,concatenate186,-102.0572052,-20.88044739
RMNC4,concatenate186,-104.089035,-33.89860535
RMNC4,concatenate186,-93.74517822,-32.09967422
RMNC4,concatenate186,-58.00749207,-31.15202332
RMNC4,concatenate186,-41.64043045,-56.28886795
RMNC4,concatenate186,-41.64043045,-75.2097702
RMNC4,concatenate186,-106.7151489,-33.47296524
RMNC4,concatenate186,-54.73889923,-45.58362579
RMNC4,concatenate186,-109.6143188,-36.98248672
RMNC4,concatenate186,-61.05924988,-36.64518738
RMNC4,concatenate186,-75.59525299,-35.31204987
RMNC4,concatenate186,-79.11280823,-18.07765007
RMNC4,concatenate186,-50.57886887,-24.94410515
RMNC4,concatenate186,-70.68834686,-21.24987221
RMNC4,concatenate186,-80.21304321,-50.30581665
RMNC4,concatenate186,-61.45276642,-38.86975861
RMNC4,concatenate186,-45.0053978,-30.35695839
RMNC4,concatenate186,-90.87813568,-46.32247162
RMNC4,concatenate186,-103.1976013,-39.11068726
RMNC4,concatenate186,-117.8942261,-31.83465195
RMNC4,concatenate186,-96.53994751,-26.34951973
RMNC4,concatenate186,-79.68300629,-28.41347122
RMNC4,concatenate186,-54.54615402,-20.36646843
RMNC4,concatenate186,-73.12172699,-19.41078568
RMNC4,concatenate186,-84.55778503,-37.56071472
RMNC4,concatenate186,-92.67706299,-19.4348793
RMNC4,concatenate186,-80.86354828,-47.90456772
RMNC4,concatenate186,-79.70709229,-41.86529922
RMNC4,concatenate186,-104.6190796,-25.27337265
RMNC4,concatenate186,-63.92629623,-45.0053978
RMNC4,concatenate186,-54.17673111,-55.39743423
RMNC4,concatenate186,-78.14105988,-52.50629807
RMNC4,concatenate186,-50.60296249,-20.08538437
RMNC4,concatenate186,-42.39533997,-35.07112122
RMNC4,concatenate186,-104.6672592,-25.93190956
RMNC4,concatenate186,-93.64077759,-24.67105293
RMNC4,concatenate186,-62.56906509,-45.47922134
RMNC4,concatenate186,-64.30374908,-48.43460846
RMNC4,concatenate186,-94.31537628,-27.78705788
RMNC4,concatenate186,-58.6901207,-35.49676132
RMNC4,concatenate186,-112.4653091,-34.34030533
RMNC4,concatenate186,-88.52507019,-42.748703
RMNC4,concatenate186,-108.7068253,-27.53006744
RMNC4,concatenate186,-91.31983948,-18.07765007
RMNC4,concatenate186,-71.34688568,-34.72579193
RMNC4,concatenate186,-80.06045532,-28.18057442
RMNC4,concatenate186,-44.05774689,-53.21302032
RMNC4,concatenate186,-41.32722473,-35.83406067
RMNC4,concatenate186,-46.6678009,-27.74690247
RMNC4,concatenate186,-53.35757446,-26.50210762
RMNC4,concatenate186,-67.03427124,-51.77548218
RMNC4,concatenate186,-53.23711014,-25.77129173
RMNC4,concatenate186,-80.8073349,-45.40694427
RMNC4,concatenate186,-93.71305847,-34.50895691
RMNC4,concatenate186,-55.41349792,-52.97209167
RMNC4,concatenate186,-63.05895233,-20.94469643
RMNC4,concatenate186,-53.44591522,-19.87658119
RMNC4,concatenate186,-48.8682785,-53.14073944
RMNC4,concatenate186,-52.7070694,-23.4101944
RMNC4,concatenate186,-81.76301575,-36.59700012
RMNC4,concatenate186,-74.84034729,-29.0639782
RMNC4,concatenate186,-96.49979401,-39.12674713
RMNC4,concatenate186,-69.54795074,-27.43369675
RMNC4,concatenate186,-60.25615311,-17.53154564
RMNC4,concatenate186,-93.74517822,-44.30670547
RMNC4,concatenate186,-62.04705429,-22.98455429
RMNC4,concatenate186,-84.7665863,-36.54881668
RMNC4,concatenate186,-65.05062866,-52.23324585
RMNC4,concatenate186,-91.22346497,-20.42268372
RMNC4,concatenate186,-87.96290588,-23.26563835
RMNC4,concatenate186,-36.31591797,-46.08154297
RMNC4,concatenate186,-83.75469208,-23.32988548
RMNC4,concatenate186,-35.22370911,-45.59968567
RMNC4,concatenate186,-64.12706757,-47.03722382
RMNC4,concatenate186,-46.5874939,-22.17342949
RMNC4,concatenate186,-103.6473312,-29.18444252
RMNC4,concatenate186,-59.78232956,-52.45811081
RMNC4,concatenate186,-75.20173645,-23.32185364
RMNC4,concatenate186,-56.70647812,-62.19964218
RMNC4,concatenate186,-109.6946335,-23.0247097
RMNC4,concatenate186,-72.66396332,-26.88759232
RMNC4,concatenate186,-69.8451004,-20.40662193
RMNC4,concatenate186,-64.1913147,-19.02530098
RMNC4,concatenate186,-103.8240128,-21.42655182
RMNC4,concatenate186,-76.56699371,-30.18027878
RMNC4,concatenate186,-40.05030441,-31.50538445
RMNC4,concatenate186,-74.9608078,-29.79479408
RMNC4,concatenate186,-77.63510895,-39.79331589
RMNC4,concatenate186,-63.90220261,-32.77427292
RMNC4,concatenate186,-100.266304,-25.19306374
RMNC4,concatenate186,-69.74069977,-31.89890099
RMNC4,concatenate186,-84.12411499,-34.68563843
RMNC4,concatenate186,-92.36386108,-25.2251873
RMNC4,concatenate186,-84.18032837,-26.8072834
RMNC4,concatenate186,-78.49442291,-29.05594635
RMNC4,concatenate186,-79.64284515,-22.26980019
RMNC4,concatenate186,-98.99741364,-26.36558151
RMNC4,concatenate186,-58.77846146,-28.26088333
RMNC4,concatenate186,-105.6068802,-21.98871803
RMNC4,concatenate186,-77.53070831,-19.54731178
RMNC4,concatenate186,-40.50003815,-31.34476471
RMNC4,concatenate186,-54.20082474,-32.83852005
RMNC4,concatenate186,-53.30136108,-61.2359314
RMNC4,concatenate186,-86.50127411,-32.17998123
RMNC4,concatenate186,-55.46168137,-45.0857048
RMNC4,concatenate186,-65.14699554,-40.1225853
RMNC4,concatenate186,-49.68743515,-26.49407578
RMNC4,concatenate186,-89.15148163,-50.69933319
RMNC4,concatenate186,-96.78890991,-38.19515991
RMNC4,concatenate186,-78.51048279,-40.66868973
RMNC4,concatenate186,-81.0562973,-17.57973099
RMNC4,concatenate186,-60.96287918,-31.66600227
RMNC4,concatenate186,-79.23326874,-27.9637394
RMNC4,concatenate186,-97.76065063,-34.28408813
RMNC4,concatenate186,-113.1158142,-25.83553886
RMNC4,concatenate186,-52.49023438,-20.14160156
RMNC4,concatenate186,-67.6044693,-27.93161583
RMNC4,concatenate186,-114.5694122,-29.12019348
RMNC4,concatenate186,-72.61577606,-37.82573318
RMNC4,concatenate186,-66.34360504,-27.89146042
RMNC4,concatenate186,-40.2028923,-48.74781418
RMNC4,concatenate186,-58.70618439,-29.40930748
RMNC4,concatenate186,-66.93789673,-25.43399239
RMNC4,concatenate186,-85.02358246,-31.92299271
RMNC4,concatenate186,-68.68864441,-22.30192566
RMNC4,concatenate186,-63.82992554,-21.10531425
RMNC4,concatenate186,-84.0116806,-26.02828217
RMNC4,concatenate186,-75.37841797,-30.82275391
RMNC4,concatenate186,-31.72221947,-23.17729759
RMNC4,concatenate186,-66.76924896,-37.47237396
RMNC4,concatenate186,-90.50067902,-17.25849342
RMNC4,concatenate186,-69.89328766,-39.98605728
RMNC4,concatenate186,-66.32754517,-26.04434395
RMNC4,concatenate186,-69.94146729,-25.9961586
RMNC4,concatenate186,-81.20085144,-31.15202332
RMNC4,concatenate186,-72.81655121,-38.63685989
RMNC4,concatenate186,-79.14492798,-31.53750801
RMNC4,concatenate186,-100.4429855,-17.43517494
RMNC4,concatenate186,-94.41175079,-27.27307701
RMNC4,concatenate186,-59.87870026,-33.02323151
RMNC4,concatenate186,-91.97034454,-19.3385067
RMNC4,concatenate186,-15.00982952,-3.413150072
RMNC4,concatenate186,-69.25080872,-21.64338684
RMNC4,concatenate186,-69.67645264,-29.3932457
RMNC4,concatenate186,-24.26950645,-42.58005142
RMNC4,concatenate186,-56.89921951,-37.36796951
RMNC4,concatenate186,-76.23773193,-21.30608749
RMNC4,concatenate186,-54.94770432,-31.75434303
RMNC4,concatenate186,-58.54556274,-23.75552559
RMNC4,concatenate186,-68.27906799,-29.21656609
RMNC4,concatenate186,-39.05447006,-46.37868881
RMNC4,concatenate186,-71.41113281,-23.80371094
RMNC4,concatenate186,-65.07472229,-30.28468132
RMNC4,concatenate186,-67.34747314,-29.50568008
RMNC4,concatenate186,-82.35730743,-31.08777428
RMNC4,concatenate186,-60.95484543,-29.21656609
RMNC4,concatenate186,-89.01495361,-31.03155899
RMNC4,concatenate186,-53.31742096,-27.07230377
RMNC4,concatenate186,-73.0092926,-35.77784348
RMNC4,concatenate186,-86.4852066,-32.16392136
RMNC4,concatenate186,-78.84778595,-52.60266876
RMNC4,concatenate186,-49.9685173,-39.59254074
RMNC4,concatenate186,-62.17554855,-21.28199577
RMNC4,concatenate186,-66.80940247,-29.57795715
RMNC4,concatenate186,-81.21691132,-33.60948944
RMNC4,concatenate186,-77.77163696,-27.72281075
RMNC4,concatenate186,-89.04708099,-31.67403412
RMNC4,concatenate186,-93.35969543,-36.59700012
RMNC4,concatenate186,-89.17557526,-36.68534088
RMNC4,concatenate186,-78.92006683,-41.68861771
RMNC4,concatenate186,-56.52176666,-38.21121979
RMNC4,concatenate186,-104.9001617,-37.76148605
RMNC4,concatenate186,-83.68241119,-33.63358307
RMNC4,concatenate186,-82.26896667,-27.94767761
RMNC4,concatenate186,-49.62318802,-34.36439896
RMNC4,concatenate186,-88.07534027,-23.98842239
RMNC4,concatenate186,-70.41529846,-31.96314812
RMNC4,concatenate186,-109.4777985,-30.13209343
RMNC4,concatenate186,-74.63957214,-39.84953308
RMNC4,concatenate186,-85.16010284,-42.43549728
RMNC4,concatenate186,-85.32875824,-28.56605911
RMNC4,concatenate186,-38.52442551,-26.92774773
RMNC4,concatenate186,-52.02444077,-48.36233139
RMNC4,concatenate186,-100.6517944,-43.27874374
RMNC4,concatenate186,-46.92479324,-56.08006668
RMNC4,concatenate186,-42.53186798,-32.15589142
RMNC4,concatenate186,-40.50806808,-33.7942009
RMNC4,concatenate186,-63.3400383,-24.88788795
RMNC4,concatenate186,-90.64524078,-28.3893795
RMNC4,concatenate186,-54.4256897,-36.11514282
RMNC4,concatenate186,-66.16693115,-72.88079834
RMNC4,concatenate186,-86.29246521,-23.42625618
RMNC4,concatenate186,-39.60057449,-22.51072884
RMNC4,concatenate186,-92.17111969,-30.52560997
RMNC4,concatenate186,-44.68415833,-30.64607239
RMNC4,concatenate186,-48.12943268,-38.97415924
RMNC4,concatenate186,-84.17230225,-36.56487656
RMNC4,concatenate186,-89.11132813,-21.36230469
RMNC4,concatenate186,-58.6901207,-22.06902695
RMNC4,concatenate186,-94.18688202,-28.87926674
RMNC4,concatenate186,-46.65174103,-30.7825985
RMNC4,concatenate186,-90.0911026,-21.12137604
RMNC4,concatenate186,-69.13837433,-21.53095436
RMNC4,concatenate186,-87.890625,-20.75195313
RMNC4,concatenate186,-86.93494415,-39.93787384
RMNC4,concatenate186,-80.74308777,-22.14933777
RMNC4,concatenate186,-69.3230896,-27.20882988
RMNC4,concatenate186,-43.25465012,-56.68238449
RMNC4,concatenate186,-64.89804077,-28.88729668
RMNC4,concatenate186,-93.0464859,-28.34922409
RMNC4,concatenate186,-49.92033386,-46.86857605
RMNC4,concatenate186,-75.16158295,-49.52681732
RMNC4,concatenate186,-83.36117554,-39.41586304
RMNC4,concatenate186,-59.34865952,-64.84181976
RMNC4,concatenate186,-81.80316925,-41.51996994
RMNC4,concatenate186,-73.13778687,-34.68563843
RMNC4,concatenate186,-53.34151459,-22.2135849
RMNC4,concatenate186,-74.50304413,-52.53038788
RMNC4,concatenate186,-118.6170044,-22.7918129
RMNC4,concatenate186,-64.16722107,-48.90843582
RMNC4,concatenate186,-77.37812042,-38.9259758
RMNC4,concatenate186,-69.33914948,-23.56278229
RMNC4,concatenate186,-81.61846161,-44.38701248
RMNC4,concatenate186,-68.47180939,-51.9923172
RMNC4,concatenate186,-94.55630493,-24.97622871
RMNC4,concatenate186,-94.050354,-42.78082657
RMNC4,concatenate186,-101.7359695,-50.46643829
RMNC4,concatenate186,-99.13394165,-53.96792603
RMNC4,concatenate186,-91.39211273,-32.18801498
RMNC4,concatenate186,-82.27700043,-55.42152786
RMNC4,concatenate186,-79.27342224,-24.95213509
RMNC4,concatenate186,-99.52745819,-27.50597572
RMNC4,concatenate186,-96.48373413,-21.41049004
RMNC4,concatenate186,-85.55361938,-50.15322876
RMNC4,concatenate186,-76.8480835,-45.10979843
RMNC4,concatenate186,-68.50392914,-30.05178261
RMNC4,concatenate186,-90.15534973,-43.76863098
RMNC4,concatenate186,-69.09018707,-29.41733932
RMNC4,concatenate186,-92.813591,-27.50597572
RMNC4,concatenate186,-97.56790924,-64.60892487
RMNC4,concatenate186,-109.0360947,-33.96285248
RMNC4,concatenate186,-83.62619781,-29.91525841
RMNC4,concatenate186,-45.78439713,-63.48459244
RMNC4,concatenate186,-80.2853241,-19.25016785
RMNC4,concatenate186,-80.66278076,-23.90008163
RMNC4,concatenate186,-78.92006683,-38.02650833
RMNC4,concatenate186,-75.07324219,-32.34863281
RMNC4,concatenate186,-53.6145668,-23.09698868
RMNC4,concatenate186,-101.1978989,-41.99379349
RMNC4,concatenate186,-69.85312653,-24.07676315
RMNC4,concatenate186,-75.57115936,-30.40514565
RMNC4,concatenate186,-77.85997772,-56.49767303
RMNC4,concatenate186,-86.46112061,-43.12615585
RMNC4,concatenate186,-81.0562973,-43.21449661
RMNC4,concatenate186,-59.38881302,-42.90932083
RMNC4,concatenate186,-97.02983856,-23.17729759
RMNC4,concatenate186,-48.45870209,-40.52413177
RMNC4,concatenate186,-57.50154114,-41.63240051
RMNC4,concatenate186,-67.50809479,-55.9114151
RMNC4,concatenate186,-72.20619965,-28.87123489
RMNC4,concatenate186,-68.8412323,-36.49259949
RMNC4,concatenate186,-86.41293335,-29.03988457
RMNC4,concatenate186,-76.6392746,-43.06993866
RMNC4,concatenate186,-42.81295013,-31.21627045
RMNC4,concatenate186,-100.5955734,-45.6639328
RMNC4,concatenate186,-58.11992264,-30.65410423
RMNC4,concatenate186,-54.16870117,-46.84448242
RMNC4,concatenate186,-68.95366669,-49.42241287
RMNC4,concatenate186,-71.03367615,-25.86766243
RMNC4,concatenate186,-47.38255692,-33.95482254
RMNC4,concatenate186,-63.17941666,-28.3893795
RMNC4,concatenate186,-56.20053101,-33.61752319
RMNC4,concatenate186,-69.21065521,-31.36885834
RMNC4,concatenate186,-68.07829285,-46.1056366
RMNC4,concatenate186,-81.96379089,-19.09757996
RMNC4,concatenate186,-87.85849762,-35.36826706
RMNC4,concatenate186,-65.55657959,-18.55950546
RMNC4,concatenate186,-45.86470795,-26.94380951
RMNC4,concatenate186,-62.88227463,-37.247509
RMNC4,concatenate186,-53.38166809,-52.16096497
RMNC4,concatenate186,-65.77341461,-16.9452877
RMNC4,concatenate186,-40.46791458,-49.62318802
RMNC4,concatenate186,-59.1157608,-33.48099518
RMNC4,concatenate186,-78.92006683,-36.80580521
RMNC4,concatenate186,-45.40694427,-48.45870209
RMNC4,concatenate186,-62.12736511,-35.88224792
RMNC4,concatenate186,-49.34210587,-30.42120743
RMNC4,concatenate186,-61.42064285,-25.40989876
RMNC4,concatenate186,-27.03215027,-20.31828308
RMNC4,concatenate186,-49.4465065,-26.25314903
RMNC4,concatenate186,-56.56995392,-27.27307701
RMNC4,concatenate186,-58.7302742,-25.16094017
RMNC4,concatenate186,-42.79688644,-42.18653488
RMNC4,concatenate186,-51.77548218,-31.63387871
RMNC4,concatenate186,-43.19843674,-33.43281174
RMNC4,concatenate186,-44.38701248,-18.75224876
RMNC4,concatenate186,-55.10029221,-31.29657936
RMNC4,concatenate186,-27.0000248,-20.28615761
RMNC4,concatenate186,-52.32961655,-27.91555214
RMNC4,concatenate186,-32.75017929,-32.75017929
RMNC4,concatenate186,-60.19190598,-15.63624287
RMNC4,concatenate186,-50.94026184,-18.59162903
RMNC4,concatenate186,-52.89981079,-8.954500198
RMNC4,concatenate186,-23.29776192,-32.45303345
RMNC4,concatenate186,-52.07262421,-12.3997736
RMNC4,concatenate186,-21.33821106,-23.77961731
RMNC4,concatenate186,-34.40455246,-25.24928093
RMNC4,concatenate186,-40.04227448,-27.83524323
RMNC4,concatenate186,-26.04434395,-26.65469551
RMNC4,concatenate186,-55.34925079,-12.62464046
RMNC4,concatenate186,-21.83613014,-27.3292942
RMNC4,concatenate186,-40.99795532,-30.62198067
RMNC4,concatenate186,-56.05597305,-16.99347305
RMNC4,concatenate186,-20.06129265,-28.60621452
RMNC4,concatenate186,-39.56041718,-34.06725311
RMNC4,concatenate186,-41.38344193,-18.19008255
RMNC4,concatenate186,-57.87096405,-27.9637394
RMNC4,concatenate186,-37.40009689,-35.56904221
RMNC4,concatenate186,-31.51341438,-48.60326004
RMNC4,concatenate186,-47.46286392,-32.81442642
RMNC4,concatenate186,-44.5235405,-15.83701706
RMNC4,concatenate186,-57.25258255,-23.07289505
RMNC4,concatenate186,-44.03365326,-15.34712982
RMNC4,concatenate186,-21.89234734,-21.89234734
RMNC4,concatenate186,-50.28975677,-14.88936615
RMNC4,concatenate186,-37.9221077,-22.66331673
RMNC4,concatenate186,-48.59522629,-36.9985466
RMNC4,concatenate186,-50.44234467,-22.97652435
RMNC4,concatenate186,-39.03037643,-31.09580612
RMNC4,concatenate186,-44.92508698,-16.8489151
RMNC4,concatenate186,-30.9753418,-9.613037109
RMNC4,concatenate186,-39.28736496,-34.40455246
RMNC4,concatenate186,-31.47326088,-21.70763588
RMNC4,concatenate186,-47.18178177,-25.20912552
RMNC4,concatenate186,-31.46522903,-29.63417435
RMNC4,concatenate186,-54.61843491,-23.49050331
RMNC4,concatenate186,-37.19932175,-28.04404831
RMNC4,concatenate186,-44.29064178,-12.55236149
RMNC4,concatenate186,-69.26686859,-16.77663612
RMNC4,concatenate186,-52.79541016,-21.05712891
RMNC4,concatenate186,-36.94233322,-14.3593235
RMNC4,concatenate186,-53.92777252,-24.63089752
RMNC4,concatenate186,-29.15231895,-27.93161583
RMNC4,concatenate186,-48.76387787,-16.41524506
RMNC4,concatenate186,-34.74988556,-15.82898617
RMNC4,concatenate186,-37.27159882,-8.585076332